StartDate,EndDate,Status,IPAddress,Progress,Duration (in seconds),Finished,RecordedDate,ResponseId,RecipientLastName,RecipientFirstName,RecipientEmail,ExternalReference,LocationLatitude,LocationLongitude,DistributionChannel,UserLanguage,Q_RecaptchaScore,EventName,QID16,QID20,QID19,Location
2024 02 20 09:30:00 06:00,2024 02 20 11:00:00 06:00,,,100,,True,2024 12 11 15:50:33+00:00,040000008200E00074C5B7101A82E0080000000080D4174CFB5BDA01000000000000000010000000DCAE438E28019C4C9B1404110C479B44,,,,,,,,,,St. Theresa's Lego Microgame Visit ,,, ,
2024 04 19 10:00:00 05:00,2024 04 19 10:45:00 05:00,,,100,,True,2024 12 11 15:50:33+00:00,040000008200E00074C5B7101A82E0080000000060B485CEE421DA010000000000000000100000003500808F814F244298E48E944290CAAF,,,,,,,,,,"Spring Insider Academy  Rotation 1, SHSS / Conservatory ",,,This group will likely roll in around 10:20  ________________________________ From: Addington  Nathaniel Sent: Tuesday  November 28  2023 10:23:30 AM (UTC 06:00) Central Time (US & Canada) To: Addington  Nathaniel <naddington@umkc.edu>; Falicov  Tamara <tfalicov@umkc.edu>; Crappell  Courtney <courtneycrappell@umkc.edu>; Thurmaier  David P. <thurmaierd@umkc.edu>; Snell  James <SnellJa@umkc.edu>; Hiett  DeeAnna L. <hiettd@umkc.edu>; Robertson  Amy <robertsonam@umkc.edu>; Roberts  Stephanie R. <robertssr@umkc.edu>; Constantino  Joselito A. <constantinoj@umkc.edu>; Lillebo  Troy <lillebot@umkc.edu>; Crespino  Curtis J. <CrespinoCJ@umkc.edu>; Rupp  Laura <ruppl@umkc.edu>; Skluzacek  Laura <skluzacekl@umkc.edu>; Samaripa  Amy <loughmana@umkc.edu>; Hayes  Christopher <christopherhayes@umkc.edu>; Mcwilliams  Brandon <brmcwilliams@umkc.edu> Cc: Hohenstein Flack  Hannah <hohensteinflackh@umkc.edu>; Burrus  Jennifer Parker <burrusjen@umkc.edu>; Thomas  Elora <elora.thomas@umkc.edu>; Doucet  Shelly <doucets@umkcfoundation.org> Subject: Spring Insider Academy  Rotation 1  SHSS / Conservatory When: Friday  April 19  2024 10:00 AM 10:45 AM. Where: PAC / Fine Arts  All  please share this invitation with others in your respective units who will be participating. I’ll be sharing your list participants in the coming weeks. ,PAC / Fine Arts
2024 04 19 11:30:00 05:00,2024 04 19 12:15:00 05:00,,,100,,True,2024 12 11 15:50:33+00:00,040000008200E00074C5B7101A82E0080000000040382EF0EA79DA0100000000000000001000000092753CF0C665054EB01F0362121B3127,,,,,,,,,,"Spring Insider Academy  Rotation 2, Bloch / SSE ",,, ________________________________ From: Addington  Nathaniel Sent: Tuesday  March 19  2024 10:50:57 AM (UTC 06:00) Central Time (US & Canada) To: Addington  Nathaniel <naddington@umkc.edu>; Lillebo  Troy <lillebot@umkc.edu>; Constantino  Joselito A. <constantinoj@umkc.edu>; Samaripa  Amy <loughmana@umkc.edu>; Rupp  Laura <ruppl@umkc.edu>; Skluzacek  Laura <skluzacekl@umkc.edu>; Truman  Kevin Z. <trumank@umkc.edu>; Brian Klaas <klaasb@umkc.edu>; Davis  Christina S. <davischristina@umkc.edu>; Eichenseer  Michael D. <mdezqd@umkc.edu>; Abdulrahim  Mujahid <mujahid.abdulrahim@umkc.edu>; Matlack  Alexandria <matlacka@umkc.edu>; Williams  Benjamin J. <williamsbenj@umkc.edu>; Innovationstudio <innovationstudio@umkc.edu>; Kanoy  Brian <bkanoy@umkc.edu> Cc: Thomas  Elora <elora.thomas@umkc.edu>; Doucet  Shelly <doucets@umkcfoundation.org> Subject: Spring Insider Academy  Rotation 2  Bloch / SSE When: Friday  April 19  2024 11:30 AM 12:15 PM. Where: Bloch Executive / Plaster Center   ,Bloch Executive / Plaster Center
2024 06 17 11:00:00 05:00,2024 06 17 11:30:00 05:00,,,100,,True,2024 12 11 15:50:33+00:00,040000008200E00074C5B7101A82E0080000000050C1A37DADC0DA0100000000000000001000000033B7094190586A4B8190DBAB111BABB6,,,,,,,,,,Are you ready for the summer camp?,,,  _____________________________________________ From: Usher  Sailor (UMKC Student) <susher@mail.umkc.edu> Sent: Monday  June 17  2024 9:39 AM To: Ding  Huan <dingh@umkc.edu> Subject: Re: Are you ready for the summer camp?  Tomorrow works for me. I'll be here from 9:00am to 5:00pm. ________________________________ From: Ding  Huan <dingh@umkc.edu<mailto:dingh@umkc.edu>> Sent: Monday  June 17  2024 9:25 AM To: Usher  Sailor (UMKC Student) <susher@mail.umkc.edu<mailto:susher@mail.umkc.edu>> Subject: RE: Are you ready for the summer camp?   How about this afternoon? If not  tomorrow works better for me to meet in person.  Or I can meet online today at 11:00am.    From: Usher  Sailor (UMKC Student) <susher@mail.umkc.edu<mailto:susher@mail.umkc.edu>> Sent: Monday  June 17  2024 8:51 AM To: Ding  Huan <dingh@umkc.edu<mailto:dingh@umkc.edu>> Subject: Re: Are you ready for the summer camp?    Hi Huan     Here is a link<https://nam02.safelinks.protection.outlook.com/?url=https:%2F%2Fdrive.google.com%2Fdrive%2Ffolders%2F1HLD5VS2CU2z6nu5AeI P_Q6f T woNQe%3Fusp%3Dsharing&data=05%7C02%7Csusher%40mail.umkc.edu%7C65b26879c7a340205c7408dc8eee8a1e%7Ce3fefdbef7e9401ba51a355e01b05a89%7C0%7C0%7C638542402380033349%7CUnknown%7CTWFpbGZsb3d8eyJWIjoiMC4wLjAwMDAiLCJQIjoiV2luMzIiLCJBTiI6Ik1haWwiLCJXVCI6Mn0%3D%7C0%7C%7C%7C&sdata=WNNJ3djUrQ0IZ5VWSkoSN4DNnXkPeFSBEy3nE8JeV7E%3D&reserved=0> to my Google Drive folder with everything for the camp.    11:00am today works for me  I will be in the VR Lab if you want to meet in person.  Best regards   J. Sailor Usher  ________________________________  From: Ding  Huan <dingh@umkc.edu<mailto:dingh@umkc.edu>> Sent: Friday  June 14  2024 2:24 PM To: Usher  Sailor (UMKC Student) <susher@mail.umkc.edu<mailto:susher@mail.umkc.edu>> Subject: Are you ready for the summer camp?    Hi Sailor   Congratulations! Are you ready for the summer camp?  Do you want to catch up in the morning on Monday? I will be available at 11:00am on Monday.  Let me know if you want to go over everything again on Monday in person or online.  Best   Huan ,VR lab
2024 06 19,2024 06 29,,,100,,True,2024 12 11 15:50:33+00:00,040000008200E00074C5B7101A82E00800000000E0BE59E61BA6DA01000000000000000010000000DEA6D61C90F47245A35CD3DB634058CD,,,,,,,,,,Hongkong High School Program DATE HOLD,,,Hi Sailor  I am holding your calendar for Hongkong Summer program. This doesn’t mean you need to be here the entire time. Our program partner  who is copied in this email  will send you detail outlook invitation with zoom link/location for your sessions. Thank you. Best  Huan ,Online and In person
2024 06 19 07:30:00 05:00,2024 06 19 08:30:00 05:00,,,100,,True,2024 12 11 15:50:33+00:00,17214B5D 99D2 44FE BDB3 44DCBF6A1C7A,,,,,,,,,,Introduction of VR and AR,,,WARNING: This message has originated from an External Source. This may be a phishing expedition that can result in unauthorized access to our IT System. Please use proper judgment and caution when opening attachments  clicking links  or responding to this email. Dear Mr. Sailor   This is Tian  the international program manager of this Hong Kong High School Program.  We are so glad to have you again and as the high school program VR session Instructor to give our Hong Kong High school students your first 1 hour session of Introduction of VR and AR.  Students loved you very much for our last year program and they all learned a lot from you. We believe students could make a big achievement this year by exploring the VR&AR world with you together!  Looking forward to seeing you soon!   Topic: Introduction of VR and AR  Time: Wednesday  June 19  2024 7:30am 8:30am KC Time              Wednesday  June 19  2024 8:30pm 9:30pm HK Time Meeting ID: 411 123 2454 Passcode: 24UMKCSP Zoom Link: https://us06web.zoom.us/j/4111232454?pwd=Qq3mM1yEoi21riT5x48gMpbicbAFYd.1  Best  Tian   ,Zoom
2024 06 20 08:30:00 05:00,2024 06 20 09:00:00 05:00,,,100,,True,2024 12 11 15:50:33+00:00,3242E9DF 963E 4E85 8718 D3FCBA67EAC8,,,,,,,,,,VR Tools and pre study,,,WARNING: This message has originated from an External Source. This may be a phishing expedition that can result in unauthorized access to our IT System. Please use proper judgment and caution when opening attachments  clicking links  or responding to this email. Dear Mr. Sailor   This session is your second online session to give the 30mins speech of VR Tools and pre study to our Hong Kong High School students.   Topic: VR Tools and pre study  Time: Thursday  June 20  2024 8:30am 9:00am KC Time              Thursday  June 20  2024 9:30pm 10:00pm HK Time Meeting ID: 411 123 2454 Passcode: 24UMKCSP Zoom Link: https://us06web.zoom.us/j/4111232454?pwd=Qq3mM1yEoi21riT5x48gMpbicbAFYd.1  Best  Tian  ,Zoom
2024 06 24 08:50:00 05:00,2024 06 24 09:50:00 05:00,,,100,,True,2024 12 11 15:50:33+00:00,040000008200E00074C5B7101A82E0080000000090D845AB5EC5DA01000000000000000010000000D1C23265FB5948408283ABCF26F06F70,,,,,,,,,,Welcome HK Students,,,Hi Christina  Hope your day is going well! I will pick up the vice principal from the hotel near airport at 8:30am in the morning. Would you mind opening the classroom at P204 around 8:50am? And welcome the group at 9:10am? Can the group have two cards to open the room P204 for the entire next week so that they can get in and out by themselves? Thank you so much!!!! See you on Monday. Best  Huan  ,P204
2024 06 24 14:00:00 05:00,2024 06 24 15:00:00 05:00,,,100,,True,2024 12 11 15:50:33+00:00,AF2D58BD F013 4827 A9C6 46990408FECE,,,,,,,,,,Explore the games and devices at AVR Lab,,,WARNING: This message has originated from an External Source. This may be a phishing expedition that can result in unauthorized access to our IT System. Please use proper judgment and caution when opening attachments  clicking links  or responding to this email. Dear Mr. Sailor    Here is the class information of today’s session of 2024 HK High School Summer Program    Time: Monday  June 24  2024 2:00pm   3:00pm  Location: AVR Lab  Topic: Meta world: Explore the games and devices at AVR Lab    *   Students will walk around the lab and be introduced to all the devices   *   Students will be in different groups to play VR games (4 Oculus Quests and 1 Apple Vision Pro are required )  Best  Tian ,AVR Lab
2024 06 24 15:30:00 05:00,2024 06 24 16:30:00 05:00,,,100,,True,2024 12 11 15:50:33+00:00,E2CD5EEA 3C46 44C2 9327 24B3CECFDC4B,,,,,,,,,,VR Unity Project “Build the research lab” ,,,WARNING: This message has originated from an External Source. This may be a phishing expedition that can result in unauthorized access to our IT System. Please use proper judgment and caution when opening attachments  clicking links  or responding to this email. Dear Mr. Sailor   Here is the class information of today’s session of 2024 HK High School Summer Program  Time: Monday  June 24  2024 3:30pm   4:30pm Location: P204  Topic: VR Unity Project “Build the research lab”    *   Test the students’ homework  check what they have learned   *   Scan the environment with your phone or Apple Vision pro   *   Test the environment  Best  Tian  ,P204
2024 06 25 13:30:00 05:00,2024 06 25 14:30:00 05:00,,,100,,True,2024 12 11 15:50:33+00:00,B6B62F6C D7AE 4A53 A83D 09D742655566,,,,,,,,,,Build environment and interactive game,,,WARNING: This message has originated from an External Source. This may be a phishing expedition that can result in unauthorized access to our IT System. Please use proper judgment and caution when opening attachments  clicking links  or responding to this email. Dear Mr. Sailor   Here is the class information of today’s session of 2024 HK High School Summer Program  Time: Tuesday  June 25  2024 1:30pm   2:30pm Location: P204  Topic: Build environment and interactive game    *   Students will keep works on the environment   *   Learn how to design an interactive game   *   Students will also work on their business ideas of building their product prototype  Best  Tian  ,P204
2024 06 26 14:00:00 05:00,2024 06 26 15:30:00 05:00,,,100,,True,2024 12 11 15:50:33+00:00,33EAB031 857F 45BD AD2B 548009FCB9CE,,,,,,,,,,VR project hands on ,,,WARNING: This message has originated from an External Source. This may be a phishing expedition that can result in unauthorized access to our IT System. Please use proper judgment and caution when opening attachments  clicking links  or responding to this email. Dear Mr. Sailor   Here is the class information of today’s session of 2024 HK High School Summer Program  Time: Wednesday  June 26  2024 2:00pm   3:30pm Location: P204  Topic: VR project hands on    *   Students keep works on building environment    *   Works on design interactive game   *   Building their product prototype  Best  Tian  ,P204
2024 06 27 10:00:00 05:00,2024 06 27 11:00:00 05:00,,,100,,True,2024 12 11 15:50:33+00:00,199BE8E6 6FC2 40D6 9D85 374116C5314E,,,,,,,,,,VR project hands on ,,,WARNING: This message has originated from an External Source. This may be a phishing expedition that can result in unauthorized access to our IT System. Please use proper judgment and caution when opening attachments  clicking links  or responding to this email. Dear Mr. Sailor   Here is the class information of today’s session of 2024 HK High School Summer Program  Time: Thursday  June 27  2024 10:00am   11:00am Location: P204  Topic: VR project hands on    *   Students keep works on building environment   *   Works on design interactive game   *   Building their product prototype  Best  Tian   ,P204
2024 06 28 18:00:00 05:00,2024 06 28 19:30:00 05:00,,,100,,True,2024 12 11 15:50:33+00:00,1E01E6D5 E02B 486B 9CBD C10B13CDC590,,,,,,,,,,2024 HK STEMSP graduation dinner,,,Hi Sailor and Ailing   I would like to invite you to join our graduation dinner together on Friday June 28 6:00pm 7:30pm  Best  Tian  ,Jack Stack Barbecue at plaza
2024 07 17 16:00:00+02:00,2024 07 17 16:30:00+02:00,,,100,,True,2024 12 11 15:50:33+00:00,040000008200E00074C5B7101A82E008000000007D8B8B4A13D8DA0100000000000000001000000087FE9EEB42FC10499AD09885213E6974,,,,,,,,,,Sailor videocall ,,,   ________________________________________________________________________________ Microsoft Teams Need help?<https://nam02.safelinks.protection.outlook.com/?url=https:%2F%2Faka.ms%2FJoinTeamsMeeting%3Fomkt%3Den US&data=05%7C02%7Cjsusher%40umkc.edu%7Caadb3134e5eb45a4b05b08dca62a7291%7Ce3fefdbef7e9401ba51a355e01b05a89%7C0%7C0%7C638567949491058517%7CUnknown%7CTWFpbGZsb3d8eyJWIjoiMC4wLjAwMDAiLCJQIjoiV2luMzIiLCJBTiI6Ik1haWwiLCJXVCI6Mn0%3D%7C60000%7C%7C%7C&sdata=ock8wiN7CUhverPMAoAmvnUhjNUOHlDDZTsyV0kVIRI%3D&reserved=0> Join the meeting now<https://nam02.safelinks.protection.outlook.com/ap/t 59584e83/?url=https:%2F%2Fteams.microsoft.com%2Fl%2Fmeetup join%2F19%253ameeting_ZTQyMzQ5ZTktOWMxNC00NDVlLTlmNDktOTQyMWRmNWNiNTJl%2540thread.v2%2F0%3Fcontext%3D%257b%2522Tid%2522%253a%252292fb83fa acc4 4429 aa8d 1df67c7ac7c7%2522%252c%2522Oid%2522%253a%2522d0699cfe f2aa 4644 b8bd 9f21cbb3a101%2522%257d&data=05%7C02%7Cjsusher%40umkc.edu%7Caadb3134e5eb45a4b05b08dca62a7291%7Ce3fefdbef7e9401ba51a355e01b05a89%7C0%7C0%7C638567949491069435%7CUnknown%7CTWFpbGZsb3d8eyJWIjoiMC4wLjAwMDAiLCJQIjoiV2luMzIiLCJBTiI6Ik1haWwiLCJXVCI6Mn0%3D%7C60000%7C%7C%7C&sdata=uBAhesetS4tVzJOYqUJAC4JCBPgsVhHFko30aAn1Kxg%3D&reserved=0> Meeting ID: 340 914 026 981 Passcode: Wtch6r ________________________________ For organizers: Meeting options<https://nam02.safelinks.protection.outlook.com/?url=https:%2F%2Fteams.microsoft.com%2FmeetingOptions%2F%3ForganizerId%3Dd0699cfe f2aa 4644 b8bd 9f21cbb3a101%26tenantId%3D92fb83fa acc4 4429 aa8d 1df67c7ac7c7%26threadId%3D19_meeting_ZTQyMzQ5ZTktOWMxNC00NDVlLTlmNDktOTQyMWRmNWNiNTJl%40thread.v2%26messageId%3D0%26language%3Den US&data=05%7C02%7Cjsusher%40umkc.edu%7Caadb3134e5eb45a4b05b08dca62a7291%7Ce3fefdbef7e9401ba51a355e01b05a89%7C0%7C0%7C638567949491077831%7CUnknown%7CTWFpbGZsb3d8eyJWIjoiMC4wLjAwMDAiLCJQIjoiV2luMzIiLCJBTiI6Ik1haWwiLCJXVCI6Mn0%3D%7C60000%7C%7C%7C&sdata=%2F6t0Lm%2BM8BR2fZRksza8BJRfk0RynJfB%2Fku48VmQjsQ%3D&reserved=0> ________________________________________________________________________________ Yaw VR Virtual Reality Motion Simulator yawvr.com<https://nam02.safelinks.protection.outlook.com/?url=http:%2F%2Fyawvr.com%2F&data=05%7C02%7Cjsusher%40umkc.edu%7Caadb3134e5eb45a4b05b08dca62a7291%7Ce3fefdbef7e9401ba51a355e01b05a89%7C0%7C0%7C638567949491085576%7CUnknown%7CTWFpbGZsb3d8eyJWIjoiMC4wLjAwMDAiLCJQIjoiV2luMzIiLCJBTiI6Ik1haWwiLCJXVCI6Mn0%3D%7C60000%7C%7C%7C&sdata=vrFlGpqbRUOJgjxq2tnTyCG2VdLf4LoiY9syMq6SpT4%3D&reserved=0>  ,Microsoft Teams Meeting
2024 07 17 09:00:00 05:00,2024 07 17 10:00:00 05:00,,,100,,True,2024 12 11 15:50:33+00:00,040000008200E00074C5B7101A82E0080000000076C349C98ED7DA010000000000000000100000004B9D7FCAE4E8F14C8C168BE2AC35A2A8,,,,,,,,,,YawII Technician Video Call,,, ,
2024 07 23 13:00:00 05:00,2024 07 23 14:00:00 05:00,,,100,,True,2024 12 11 15:50:33+00:00,040000008200E00074C5B7101A82E0080000000050557AAE96D7DA0100000000000000001000000054EAEB930B9F874B8BE86084225ABAD2,,,,,,,,,,UMKC Communication and Journalism/VR showroom,,, ,Plaster VR showroom (2nd floor)
2024 07 24 10:00:00 05:00,2024 07 24 11:30:00 05:00,,,100,,True,2024 12 11 15:50:33+00:00,040000008200E00074C5B7101A82E0080000000030B80410D6D2DA01000000000000000010000000EBDF7F91FF819047A8CA9686A3E63C57,,,,,,,,,,JCCC tour of VR/3d printing/fabrication space at UMKC,,,Park in the blue 32S Rockhill Garage and proceed directly north to Flarsheim Hall. We will meet on the 5th floor in room 534 (Dean’s office area). Campus map: https://www.umkc.edu/about/documents/umkc volker campus map 0823.pdf  You will receive a parking pass to print and put on your dash in a separate email. If you do not receive it  check your spam folder. It frequently lands there. If you still do not receive it  go ahead and park in the garage and if there is a ticket we will take care of it.  ,UMKC Innovation Studio
2024 07 24 14:00:00 05:00,2024 07 24 15:30:00 05:00,,,100,,True,2024 12 11 15:50:33+00:00,040000008200E00074C5B7101A82E00800000000F9B8F10B94DEDA01000000000000000010000000F5C42251133D4640A9AC266253D2BD85,,,,,,,,,,Meeting with Horace from The Phoenix Collective,,, ,UMKC Plaster P201
2024 07 25 15:00:00+02:00,2024 07 25 15:30:00+02:00,,,100,,True,2024 12 11 15:50:33+00:00,040000008200E00074C5B7101A82E008000000005C16F6B13ADCDA0100000000000000001000000017D092624E708A4DABE3620138ACCBE4,,,,,,,,,,Sailor meeting,,,   ________________________________________________________________________________ Microsoft Teams Need help?<https://nam02.safelinks.protection.outlook.com/?url=https:%2F%2Faka.ms%2FJoinTeamsMeeting%3Fomkt%3Den US&data=05%7C02%7Cjsusher%40umkc.edu%7Cdda22c3f639847cfe2ba08dcaa51dca5%7Ce3fefdbef7e9401ba51a355e01b05a89%7C0%7C0%7C638572515778596746%7CUnknown%7CTWFpbGZsb3d8eyJWIjoiMC4wLjAwMDAiLCJQIjoiV2luMzIiLCJBTiI6Ik1haWwiLCJXVCI6Mn0%3D%7C0%7C%7C%7C&sdata=IYThkfgvdHKNEHv1ty%2FwwPXnLweTO6apIgg7TLJpDvY%3D&reserved=0> Join the meeting now<https://nam02.safelinks.protection.outlook.com/ap/t 59584e83/?url=https:%2F%2Fteams.microsoft.com%2Fl%2Fmeetup join%2F19%253ameeting_MDlhZjEyZGUtNzQwNS00ZThkLWI0YmYtMjQyN2ZmNDlkMmU3%2540thread.v2%2F0%3Fcontext%3D%257b%2522Tid%2522%253a%252292fb83fa acc4 4429 aa8d 1df67c7ac7c7%2522%252c%2522Oid%2522%253a%2522d0699cfe f2aa 4644 b8bd 9f21cbb3a101%2522%257d&data=05%7C02%7Cjsusher%40umkc.edu%7Cdda22c3f639847cfe2ba08dcaa51dca5%7Ce3fefdbef7e9401ba51a355e01b05a89%7C0%7C0%7C638572515778608004%7CUnknown%7CTWFpbGZsb3d8eyJWIjoiMC4wLjAwMDAiLCJQIjoiV2luMzIiLCJBTiI6Ik1haWwiLCJXVCI6Mn0%3D%7C0%7C%7C%7C&sdata=VRt6WWz2Lu3MD7AZUGLqEi6EQpYBW%2BhokFw0tLPT6pk%3D&reserved=0> Meeting ID: 319 956 261 349 Passcode: pUrAJp ________________________________ For organizers: Meeting options<https://nam02.safelinks.protection.outlook.com/?url=https:%2F%2Fteams.microsoft.com%2FmeetingOptions%2F%3ForganizerId%3Dd0699cfe f2aa 4644 b8bd 9f21cbb3a101%26tenantId%3D92fb83fa acc4 4429 aa8d 1df67c7ac7c7%26threadId%3D19_meeting_MDlhZjEyZGUtNzQwNS00ZThkLWI0YmYtMjQyN2ZmNDlkMmU3%40thread.v2%26messageId%3D0%26language%3Den US&data=05%7C02%7Cjsusher%40umkc.edu%7Cdda22c3f639847cfe2ba08dcaa51dca5%7Ce3fefdbef7e9401ba51a355e01b05a89%7C0%7C0%7C638572515778616735%7CUnknown%7CTWFpbGZsb3d8eyJWIjoiMC4wLjAwMDAiLCJQIjoiV2luMzIiLCJBTiI6Ik1haWwiLCJXVCI6Mn0%3D%7C0%7C%7C%7C&sdata=wYOgxfB3yHMIC%2B9lg2Fq%2F%2BAZg6uwadm0XzWvs1z2XV4%3D&reserved=0> ________________________________________________________________________________ Yaw VR Virtual Reality Motion Simulator yawvr.com<https://nam02.safelinks.protection.outlook.com/?url=http:%2F%2Fyawvr.com%2F&data=05%7C02%7Cjsusher%40umkc.edu%7Cdda22c3f639847cfe2ba08dcaa51dca5%7Ce3fefdbef7e9401ba51a355e01b05a89%7C0%7C0%7C638572515778624583%7CUnknown%7CTWFpbGZsb3d8eyJWIjoiMC4wLjAwMDAiLCJQIjoiV2luMzIiLCJBTiI6Ik1haWwiLCJXVCI6Mn0%3D%7C0%7C%7C%7C&sdata=E13PFdYIltmfjUHPoY0xReOqPss4skcs06LRy1wIOfw%3D&reserved=0>  ,Microsoft Teams Meeting
2024 07 26 15:00:00 05:00,2024 07 26 16:00:00 05:00,,,100,,True,2024 12 11 15:50:33+00:00,040000008200E00074C5B7101A82E0080000000002EB89B8A1DFDA01000000000000000010000000184BCE169F317E4C885DB2501B98984F,,,,,,,,,,Architecture students toured the AVR Showroom,,, ,
2024 07 29 15:00:00+02:00,2024 07 29 15:30:00+02:00,,,100,,True,2024 12 11 15:50:33+00:00,040000008200E00074C5B7101A82E00800000000F98B66C68AE1DA010000000000000000100000006349C36ACB0F5749B19A18CEC40E5B52,,,,,,,,,,Sailor videocall with Yaw,,,   ________________________________________________________________________________ Microsoft Teams Need help?<https://nam02.safelinks.protection.outlook.com/?url=https:%2F%2Faka.ms%2FJoinTeamsMeeting%3Fomkt%3Den US&data=05%7C02%7Cjsusher%40umkc.edu%7Cfd3cb3f628f74ef2d4a408dcafa1ecdd%7Ce3fefdbef7e9401ba51a355e01b05a89%7C0%7C0%7C638578357207898481%7CUnknown%7CTWFpbGZsb3d8eyJWIjoiMC4wLjAwMDAiLCJQIjoiV2luMzIiLCJBTiI6Ik1haWwiLCJXVCI6Mn0%3D%7C0%7C%7C%7C&sdata=GjfzZauXGvm6N8tnM3wrWS0a%2FI3raJjYhfyxcPy6wrM%3D&reserved=0> Join the meeting now<https://nam02.safelinks.protection.outlook.com/ap/t 59584e83/?url=https:%2F%2Fteams.microsoft.com%2Fl%2Fmeetup join%2F19%253ameeting_OTllN2NiMDUtMjM4Ni00ZDZkLWE5NjEtNzFlYTkzM2U1YWFl%2540thread.v2%2F0%3Fcontext%3D%257b%2522Tid%2522%253a%252292fb83fa acc4 4429 aa8d 1df67c7ac7c7%2522%252c%2522Oid%2522%253a%2522d0699cfe f2aa 4644 b8bd 9f21cbb3a101%2522%257d&data=05%7C02%7Cjsusher%40umkc.edu%7Cfd3cb3f628f74ef2d4a408dcafa1ecdd%7Ce3fefdbef7e9401ba51a355e01b05a89%7C0%7C0%7C638578357207911250%7CUnknown%7CTWFpbGZsb3d8eyJWIjoiMC4wLjAwMDAiLCJQIjoiV2luMzIiLCJBTiI6Ik1haWwiLCJXVCI6Mn0%3D%7C0%7C%7C%7C&sdata=FTR4EH4naYy6BQoYjAbsx7nff03TRgJt9I7Sd9hKJlk%3D&reserved=0> Meeting ID: 333 369 198 118 Passcode: 9SGGh3 ________________________________ For organizers: Meeting options<https://nam02.safelinks.protection.outlook.com/?url=https:%2F%2Fteams.microsoft.com%2FmeetingOptions%2F%3ForganizerId%3Dd0699cfe f2aa 4644 b8bd 9f21cbb3a101%26tenantId%3D92fb83fa acc4 4429 aa8d 1df67c7ac7c7%26threadId%3D19_meeting_OTllN2NiMDUtMjM4Ni00ZDZkLWE5NjEtNzFlYTkzM2U1YWFl%40thread.v2%26messageId%3D0%26language%3Den US&data=05%7C02%7Cjsusher%40umkc.edu%7Cfd3cb3f628f74ef2d4a408dcafa1ecdd%7Ce3fefdbef7e9401ba51a355e01b05a89%7C0%7C0%7C638578357207919297%7CUnknown%7CTWFpbGZsb3d8eyJWIjoiMC4wLjAwMDAiLCJQIjoiV2luMzIiLCJBTiI6Ik1haWwiLCJXVCI6Mn0%3D%7C0%7C%7C%7C&sdata=xo658tFFg%2BzGEp4O9zi2M2ZpPhgEqnIdefj2FLYEj%2Fs%3D&reserved=0> ________________________________________________________________________________ Yaw VR Virtual Reality Motion Simulator yawvr.com<https://nam02.safelinks.protection.outlook.com/?url=http:%2F%2Fyawvr.com%2F&data=05%7C02%7Cjsusher%40umkc.edu%7Cfd3cb3f628f74ef2d4a408dcafa1ecdd%7Ce3fefdbef7e9401ba51a355e01b05a89%7C0%7C0%7C638578357207926984%7CUnknown%7CTWFpbGZsb3d8eyJWIjoiMC4wLjAwMDAiLCJQIjoiV2luMzIiLCJBTiI6Ik1haWwiLCJXVCI6Mn0%3D%7C0%7C%7C%7C&sdata=1N8V207ho8D8NcpgC7mJTIVJZr5p7ihm2NwaonEK%2FFE%3D&reserved=0>  ,Microsoft Teams Meeting
2024 08 01 15:00:00 05:00,2024 08 01 16:30:00 05:00,,,100,,True,2024 12 11 15:50:33+00:00,040000008200E00074C5B7101A82E0080000000010AA7E67BEDDDA010000000000000000100000000D4FCA7833BB9245A9EECFB2E3356599,,,,,,,,,,SSE Plaster Tour and Training,,,The SSE recruiting staff would like to offer training and information about the Plaster Center if you are interested in learning more. While this tour doesn’t mean you will be asked to give tours of the space  it is often helpful to have some knowledge of what is available and what is told to prospective students. Those who attend will receive a script that we use with undergraduate prospective students and families. ,Meet in 336 Flarsheim
2024 08 05 15:00:00+02:00,2024 08 05 15:30:00+02:00,,,100,,True,2024 12 11 15:50:33+00:00,040000008200E00074C5B7101A82E00800000000F11D34EBEAE3DA01000000000000000010000000207120395ED69145813C808E16710E15,,,,,,,,,,Sailor videocall with Yaw,,,   ________________________________________________________________________________ Microsoft Teams Need help?<https://nam02.safelinks.protection.outlook.com/?url=https:%2F%2Faka.ms%2FJoinTeamsMeeting%3Fomkt%3Den US&data=05%7C02%7Cjsusher%40umkc.edu%7C8bd64304bd404715434208dcb202129b%7Ce3fefdbef7e9401ba51a355e01b05a89%7C0%7C0%7C638580969194016108%7CUnknown%7CTWFpbGZsb3d8eyJWIjoiMC4wLjAwMDAiLCJQIjoiV2luMzIiLCJBTiI6Ik1haWwiLCJXVCI6Mn0%3D%7C0%7C%7C%7C&sdata=V%2B0VipeZHWEwWU%2F0TRbszqZr8TvHElXLqWoVz5n1Uh0%3D&reserved=0> Join the meeting now<https://nam02.safelinks.protection.outlook.com/ap/t 59584e83/?url=https:%2F%2Fteams.microsoft.com%2Fl%2Fmeetup join%2F19%253ameeting_ZTdhZmU0MGItNGI5NS00Nzk0LTgzYzktZDI4NmU2MGMzYWI1%2540thread.v2%2F0%3Fcontext%3D%257b%2522Tid%2522%253a%252292fb83fa acc4 4429 aa8d 1df67c7ac7c7%2522%252c%2522Oid%2522%253a%2522d0699cfe f2aa 4644 b8bd 9f21cbb3a101%2522%257d&data=05%7C02%7Cjsusher%40umkc.edu%7C8bd64304bd404715434208dcb202129b%7Ce3fefdbef7e9401ba51a355e01b05a89%7C0%7C0%7C638580969194027519%7CUnknown%7CTWFpbGZsb3d8eyJWIjoiMC4wLjAwMDAiLCJQIjoiV2luMzIiLCJBTiI6Ik1haWwiLCJXVCI6Mn0%3D%7C0%7C%7C%7C&sdata=AzfdimpyT17jDPEHcR5vsJun3HnRmRFPDSXSoUDPhdM%3D&reserved=0> Meeting ID: 377 410 766 76 Passcode: zpLNDR ________________________________ For organizers: Meeting options<https://nam02.safelinks.protection.outlook.com/?url=https:%2F%2Fteams.microsoft.com%2FmeetingOptions%2F%3ForganizerId%3Dd0699cfe f2aa 4644 b8bd 9f21cbb3a101%26tenantId%3D92fb83fa acc4 4429 aa8d 1df67c7ac7c7%26threadId%3D19_meeting_ZTdhZmU0MGItNGI5NS00Nzk0LTgzYzktZDI4NmU2MGMzYWI1%40thread.v2%26messageId%3D0%26language%3Den US&data=05%7C02%7Cjsusher%40umkc.edu%7C8bd64304bd404715434208dcb202129b%7Ce3fefdbef7e9401ba51a355e01b05a89%7C0%7C0%7C638580969194035636%7CUnknown%7CTWFpbGZsb3d8eyJWIjoiMC4wLjAwMDAiLCJQIjoiV2luMzIiLCJBTiI6Ik1haWwiLCJXVCI6Mn0%3D%7C0%7C%7C%7C&sdata=W4iwoB0RVf3NaAPTaDWnx9go8PqA2ZP3Y4p9p2%2FJB%2Fs%3D&reserved=0> ________________________________________________________________________________ Yaw VR Virtual Reality Motion Simulator yawvr.com<https://nam02.safelinks.protection.outlook.com/?url=http:%2F%2Fyawvr.com%2F&data=05%7C02%7Cjsusher%40umkc.edu%7C8bd64304bd404715434208dcb202129b%7Ce3fefdbef7e9401ba51a355e01b05a89%7C0%7C0%7C638580969194043440%7CUnknown%7CTWFpbGZsb3d8eyJWIjoiMC4wLjAwMDAiLCJQIjoiV2luMzIiLCJBTiI6Ik1haWwiLCJXVCI6Mn0%3D%7C0%7C%7C%7C&sdata=zctVHxmcmWgq7Tjh0PjXg8fXAHN65jE0Q3BPpsd%2BEC0%3D&reserved=0>  ,Microsoft Teams Meeting
2024 08 09 15:00:00+02:00,2024 08 09 15:30:00+02:00,,,100,,True,2024 12 11 15:50:33+00:00,040000008200E00074C5B7101A82E008000000002EE7DB4B5BE9DA01000000000000000010000000F18B195C3D2E1A43A1430A6B544A2342,,,,,,,,,,Sailor meeting with Yaw,,,   ________________________________________________________________________________ Microsoft Teams Need help?<https://nam02.safelinks.protection.outlook.com/?url=https:%2F%2Faka.ms%2FJoinTeamsMeeting%3Fomkt%3Den US&data=05%7C02%7Cjsusher%40umkc.edu%7C0c30b364eedd4780fbd208dcb772761b%7Ce3fefdbef7e9401ba51a355e01b05a89%7C0%7C0%7C638586949472565257%7CUnknown%7CTWFpbGZsb3d8eyJWIjoiMC4wLjAwMDAiLCJQIjoiV2luMzIiLCJBTiI6Ik1haWwiLCJXVCI6Mn0%3D%7C0%7C%7C%7C&sdata=oTpv%2B0FvfhBtl89VR%2ByLoOg1ulZiFfE3tx%2FKKWtvH18%3D&reserved=0> Join the meeting now<https://nam02.safelinks.protection.outlook.com/ap/t 59584e83/?url=https:%2F%2Fteams.microsoft.com%2Fl%2Fmeetup join%2F19%253ameeting_YTcyNjFjOWMtYWY2MC00ZDJkLTk5MzgtZmM3MjI5MDgwNjA0%2540thread.v2%2F0%3Fcontext%3D%257b%2522Tid%2522%253a%252292fb83fa acc4 4429 aa8d 1df67c7ac7c7%2522%252c%2522Oid%2522%253a%2522d0699cfe f2aa 4644 b8bd 9f21cbb3a101%2522%257d&data=05%7C02%7Cjsusher%40umkc.edu%7C0c30b364eedd4780fbd208dcb772761b%7Ce3fefdbef7e9401ba51a355e01b05a89%7C0%7C0%7C638586949472577588%7CUnknown%7CTWFpbGZsb3d8eyJWIjoiMC4wLjAwMDAiLCJQIjoiV2luMzIiLCJBTiI6Ik1haWwiLCJXVCI6Mn0%3D%7C0%7C%7C%7C&sdata=1Sfj6Uqm6gv7fttu1TlMV28DpF8y2IxX9kljBMuPb9c%3D&reserved=0> Meeting ID: 368 194 084 21 Passcode: aZDL3p ________________________________ For organizers: Meeting options<https://nam02.safelinks.protection.outlook.com/?url=https:%2F%2Fteams.microsoft.com%2FmeetingOptions%2F%3ForganizerId%3Dd0699cfe f2aa 4644 b8bd 9f21cbb3a101%26tenantId%3D92fb83fa acc4 4429 aa8d 1df67c7ac7c7%26threadId%3D19_meeting_YTcyNjFjOWMtYWY2MC00ZDJkLTk5MzgtZmM3MjI5MDgwNjA0%40thread.v2%26messageId%3D0%26language%3Den US&data=05%7C02%7Cjsusher%40umkc.edu%7C0c30b364eedd4780fbd208dcb772761b%7Ce3fefdbef7e9401ba51a355e01b05a89%7C0%7C0%7C638586949472585866%7CUnknown%7CTWFpbGZsb3d8eyJWIjoiMC4wLjAwMDAiLCJQIjoiV2luMzIiLCJBTiI6Ik1haWwiLCJXVCI6Mn0%3D%7C0%7C%7C%7C&sdata=MvxXIJ%2FBv5ZuxyrGOmkkYOJePh70iN6ai%2FY7enuT7%2BM%3D&reserved=0> ________________________________________________________________________________ Yaw VR Virtual Reality Motion Simulator yawvr.com<https://nam02.safelinks.protection.outlook.com/?url=http:%2F%2Fyawvr.com%2F&data=05%7C02%7Cjsusher%40umkc.edu%7C0c30b364eedd4780fbd208dcb772761b%7Ce3fefdbef7e9401ba51a355e01b05a89%7C0%7C0%7C638586949472593541%7CUnknown%7CTWFpbGZsb3d8eyJWIjoiMC4wLjAwMDAiLCJQIjoiV2luMzIiLCJBTiI6Ik1haWwiLCJXVCI6Mn0%3D%7C0%7C%7C%7C&sdata=7FaqRV7Bf96gbiRGa8AT1vaIPWp8FLEibqNOmcXIoMk%3D&reserved=0>  ,Microsoft Teams Meeting
2024 08 16 09:30:00 05:00,2024 08 16 12:00:00 05:00,,,100,,True,2024 12 11 15:50:33+00:00,040000008200E00074C5B7101A82E0080000000030DF164A15E4DA0100000000000000001000000028561D6733A1C848B6161B4FE06FC81B,,,,,,,,,,IISMA SSE Orientation,,,       Original Appointment      From: Ding  Huan <dingh@umkc.edu> Sent: Thursday  August 1  2024 1:18 PM To: Ding  Huan; Ding  Huan; Davis  Christina S.; Hao  Tian(Sky); Nan  Ailing (UMKC Student) Subject: IISMA SSE Orientation When: Friday  August 16  2024 9:30 AM 12:00 PM (UTC 06:00) Central Time (US & Canada). Where: VR Lab Pending  Dear all  We plan to host the IISMA orientation in the VR Lab from 9:30 AM to 12:00 PM on August 16  2024. I am holding your calendar now. Tian will send you all the agenda before the event. Thank you. Best  Huan ,VR Lab Pending
2024 08 20 11:30:00 05:00,2024 08 20 13:00:00 05:00,,,100,,True,2024 12 11 15:50:33+00:00,040000008200E00074C5B7101A82E00800000000D0B358A208DDDA010000000000000000100000003CD9FBF7EDCAB64A881DE1DB519B166D,,,,,,,,,,Campus Tour,,,Thanks for signing up for a tour! We will meet at the lower level of the student union by the theater. We might meet outside if the weather is nice. I will be there about 11:25.  See you then! Sarah  ,Student Union   Lower level near theater (Might be outside if weather is nice)
2024 08 26 13:00:00 05:00,2024 08 26 14:00:00 05:00,,,100,,True,2024 12 11 15:50:33+00:00,040000008200E00074C5B7101A82E008000000000014E48C8BF4DA0100000000000000001000000054068E8649C9A74099EC4B2D93A77C81,,,,,,,,,,CTS/projector p206,,, ,Plaster 206
2024 08 26 16:00:00 05:00,2024 08 26 16:30:00 05:00,,,100,,True,2024 12 11 15:50:33+00:00,040000008200E00074C5B7101A82E008000000009AD1A01EF0F7DA01000000000000000010000000D66C81BFAEBD8647A093B3BAD9AC7CFC,,,,,,,,,,Meta Grant Proposal,,,Ye Wang is inviting you to a scheduled Zoom meeting.  Topic: Ye Wang's Personal Meeting Room  Join Zoom Meeting https://umsystem.zoom.us/j/2914046757  Meeting ID: 291 404 6757 One tap mobile +13126266799  2914046757# US (Chicago) +16468769923  2914046757# US (New York)  Dial by your location         +1 312 626 6799 US (Chicago)         +1 646 876 9923 US (New York)         +1 646 931 3860 US         +1 301 715 8592 US (Washington DC)         +1 305 224 1968 US         +1 309 205 3325 US         +1 360 209 5623 US         +1 386 347 5053 US         +1 408 638 0968 US (San Jose)         +1 507 473 4847 US         +1 564 217 2000 US         +1 669 444 9171 US         +1 669 900 6833 US (San Jose)         +1 689 278 1000 US         +1 719 359 4580 US         +1 253 205 0468 US         +1 253 215 8782 US (Tacoma)         +1 346 248 7799 US (Houston) Meeting ID: 291 404 6757 Find your local number: https://umsystem.zoom.us/u/abIO0lgkf  Join by SIP 2914046757@zoomcrc.com<mailto:2914046757@zoomcrc.com>  Join by H.323 162.255.37.11 (US West) 162.255.36.11 (US East) 221.122.88.195 (Mainland China) 115.114.131.7 (India Mumbai) 115.114.115.7 (India Hyderabad) 213.19.144.110 (Amsterdam Netherlands) 213.244.140.110 (Germany) 103.122.166.55 (Australia Sydney) 103.122.167.55 (Australia Melbourne) 209.9.211.110 (Hong Kong SAR) 64.211.144.160 (Brazil) 159.124.168.213 (Canada Toronto) 65.39.152.160 (Canada Vancouver) 207.226.132.110 (Japan Tokyo) 149.137.24.110 (Japan Osaka) Meeting ID: 291 404 6757  ,
2024 09 05 14:00:00 05:00,2024 09 05 14:30:00 05:00,,,100,,True,2024 12 11 15:50:33+00:00,040000008200E00074C5B7101A82E008000000004487C2B2F7FEDA0100000000000000001000000044025C5B5E215B41A1BCBC643586F39D,,,,,,,,,,Sandbox visit,,, ,Plaster
2024 09 09 12:30:00 05:00,2024 09 09 13:00:00 05:00,,,100,,True,2024 12 11 15:50:33+00:00,040000008200E00074C5B7101A82E00800000000202465D04E00DB010000000000000000100000006059AF309FA23942862CE2744DEB9540,,,,,,,,,,ARVR Discussion with NKC,,, Topic: ARVR Discussion Time: Sep 9  2024 12:30 PM Central Time (US and Canada)  Join Zoom Meeting https://us04web.zoom.us/j/71935069533?pwd=djmLbuP3sGCedQXMurt3raqxwnKxVk.1  Meeting ID: 719 3506 9533 Passcode: CFmqG2  ,Zoom
2024 09 13 13:00:00 05:00,2024 09 13 13:30:00 05:00,,,100,,True,2024 12 11 15:50:33+00:00,040000008200E00074C5B7101A82E00800000000405E22A7C202DB010000000000000000100000007B10E21AE0C8834BA427419BA9181412,,,,,,,,,,JSPS workshop   Innovation studio tour,,,Pls mark your calendar. Thanks.   zc ,AR/VR Center at Plaster Center
2024 09 20 12:30:00 05:00,2024 09 20 13:30:00 05:00,,,100,,True,2024 12 11 15:50:33+00:00,040000008200E00074C5B7101A82E0080000000050762AD56D03DB01000000000000000010000000C3D6E357DB9CC840A9C679A24FFCCBAB,,,,,,,,,,ARVR Visit with NKC Employees,,,Employees of the NKC High School Alternative Program visiting to test ARVR equipment and gain insight on what would work for their new VR space (Approximately 2 5 people)  Contact: Rene Cooper (Rene.Cooper@nkcschools.org<mailto:Rene.Cooper@nkcschools.org>) and Chris Homiak (chris.homiak@nkcschools.org<mailto:chris.homiak@nkcschools.org>) ,Plaster Center
2024 09 23 15:00:00 05:00,2024 09 23 15:30:00 05:00,,,100,,True,2024 12 11 15:50:33+00:00,040000008200E00074C5B7101A82E00800000000307686C7A30DDB01000000000000000010000000E28DD9278D0425458A319DD30D1B90AB,,,,,,,,,,Civic Engagement Project Question,,,  _____________________________________________ From: Usher  Joseph <jsusher@umkc.edu<mailto:jsusher@umkc.edu>> Sent: Monday  September 23  2024 9:46 AM To: Hare  Brian <hareb@umkc.edu<mailto:hareb@umkc.edu>> Subject: Civic Engagement Project Question  Hello Professor Hare   Could I schedule a meeting with you? I'd like to go over how best to help the students get as much as they can from their civic engagement projects.  Best Regards  J. Sailor Usher (He/Him)  AVR Coordinator School of Science and Engineering P204A  801 E 51st St  Kansas City  MO 64110  Phone: 816 235 2223  LinkedIn<https://nam02.safelinks.protection.outlook.com/?url=https:%2F%2Fwww.linkedin.com%2Fin%2Fsailorusher%2F&data=05%7C02%7Cjsusher%40umkc.edu%7C6f0c50808dc74ed3f9a008dcdbe4e812%7Ce3fefdbef7e9401ba51a355e01b05a89%7C0%7C0%7C638627023428862366%7CUnknown%7CTWFpbGZsb3d8eyJWIjoiMC4wLjAwMDAiLCJQIjoiV2luMzIiLCJBTiI6Ik1haWwiLCJXVCI6Mn0%3D%7C0%7C%7C%7C&sdata=kwD1kvR5JRstBLlYoSiG5IqSeQKjrZwO%2FVqhqokzTUQ%3D&reserved=0>  [UMKC Logo]<http://www.umkc.edu/>  [https://st2.zoom.us/static/6.3.25870/image/new/ZoomLogo_110_25.png]<https://nam02.safelinks.protection.outlook.com/?url=https:%2F%2Fzoom.us%2F&data=05%7C02%7Cjsusher%40umkc.edu%7C6f0c50808dc74ed3f9a008dcdbe4e812%7Ce3fefdbef7e9401ba51a355e01b05a89%7C0%7C0%7C638627023428882428%7CUnknown%7CTWFpbGZsb3d8eyJWIjoiMC4wLjAwMDAiLCJQIjoiV2luMzIiLCJBTiI6Ik1haWwiLCJXVCI6Mn0%3D%7C0%7C%7C%7C&sdata=Yz51HNm%2Fma8x8lXifbZAGfij3SA63YZKNW%2FGzRWNjIk%3D&reserved=0> Hello  Brian Hare is inviting you to a scheduled Zoom meeting. Join Zoom Meeting<https://umsystem.zoom.us/j/93395601236?pwd=3bSlQ765ECdrg2AHVYC9pGZJa00fid.1&from=addon> Phone one tap: US: +16468769923  93395601236#<tel:+16468769923  93395601236> or +16469313860  93395601236#<tel:+16469313860  93395601236> Meeting URL: https://umsystem.zoom.us/j/93395601236?pwd=3bSlQ765ECdrg2AHVYC9pGZJa00fid.1&from=addon Meeting ID: 933 9560 1236 Passcode: 453207 Join by Telephone For higher quality  dial a number based on your current location. Dial:  US: +1 646 876 9923 or +1 646 931 3860 or +1 301 715 8592 or +1 305 224 1968 or +1 309 205 3325 or +1 312 626 6799 or +1 386 347 5053 or +1 408 638 0968 or +1 507 473 4847 or +1 564 217 2000 or +1 669 444 9171 or +1 669 900 6833 or +1 689 278 1000 or +1 719 359 4580 or +1 253 205 0468 or +1 253 215 8782 or +1 346 248 7799 or +1 360 209 5623 Meeting ID: 933 9560 1236 Join from an H.323/SIP room system H.323: 162.255.37.11 (US West) 162.255.36.11 (US East) 221.122.88.195 (Mainland China) 115.114.131.7 (India Mumbai) 115.114.115.7 (India Hyderabad) 213.19.144.110 (Amsterdam Netherlands) 213.244.140.110 (Germany) 103.122.166.55 (Australia Sydney) 103.122.167.55 (Australia Melbourne) 209.9.211.110 (Hong Kong SAR) 64.211.144.160 (Brazil) 159.124.168.213 (Canada Toronto) 65.39.152.160 (Canada Vancouver) 207.226.132.110 (Japan Tokyo) 149.137.24.110 (Japan Osaka) Meeting ID: 933 9560 1236 Passcode: 453207 SIP: 93395601236@zoomcrc.com<mailto:93395601236@zoomcrc.com> Passcode: 453207  ,https://umsystem.zoom.us/j/93395601236?pwd=3bSlQ765ECdrg2AHVYC9pGZJa00fid.1&from=addon
2024 09 24 08:00:00 05:00,2024 09 24 09:00:00 05:00,,,100,,True,2024 12 11 15:50:33+00:00,040000008200E00074C5B7101A82E00800000000CC738A17E6CEDA01000000000000000010000000F8528530C2F18F418249DAA3ED3E9917,,,,,,,,,,Dr. Jacobs,,, ,
2024 09 27 12:00:00 05:00,2024 09 27 12:30:00 05:00,,,100,,True,2024 12 11 15:50:33+00:00,040000008200E00074C5B7101A82E0080000000053A323A4620FDB0100000000000000001000000055F087433C3C51429936D09834042D6B,,,,,,,,,,Sports Media Meeting,,,Zoom: https://us02web.zoom.us/j/82090075647  ,
2024 10 02 10:00:00 05:00,2024 10 02 10:30:00 05:00,,,100,,True,2024 12 11 15:50:33+00:00,040000008200E00074C5B7101A82E00800000000F0B3EBA1EC13DB01000000000000000010000000A513699E07E06F488033F18C78A0FEA0,,,,,,,,,,Civic Engagement Project,,,  _____________________________________________ From: Usher  Joseph <jsusher@umkc.edu<mailto:jsusher@umkc.edu>> Sent: Tuesday  October 1  2024 9:27 AM To: Hare  Brian <hareb@umkc.edu<mailto:hareb@umkc.edu>> Subject: Re: Civic Engagement Project  That would be great. My schedule is totally free today 10/1 and tomorrow.  Best regards  J. Sailor Usher (He/Him)  AVR Coordinator School of Science and Engineering P204A  801 E 51st St  Kansas City  MO 64110  Phone: 816 235 2223  LinkedIn<https://nam02.safelinks.protection.outlook.com/?url=https:%2F%2Fwww.linkedin.com%2Fin%2Fsailorusher%2F&data=05%7C02%7Cjsusher%40umkc.edu%7C4902fc225ff04f4b867908dce22dc5f1%7Ce3fefdbef7e9401ba51a355e01b05a89%7C0%7C0%7C638633933487538017%7CUnknown%7CTWFpbGZsb3d8eyJWIjoiMC4wLjAwMDAiLCJQIjoiV2luMzIiLCJBTiI6Ik1haWwiLCJXVCI6Mn0%3D%7C0%7C%7C%7C&sdata=2ZsExVhMWXkGkGx8g%2F9UeIk6OmzcqndkYZD0QcbVRPE%3D&reserved=0>  [UMKC Logo]<http://www.umkc.edu/>  ________________________________ From: Hare  Brian <hareb@umkc.edu<mailto:hareb@umkc.edu>> Sent: Monday  September 30  2024 8:35 PM To: Usher  Joseph <jsusher@umkc.edu<mailto:jsusher@umkc.edu>> Subject: Re: Civic Engagement Project  Not a problem  stuff comes up. Do you want to reschedule?  ________________________________ From: Usher  Joseph <jsusher@umkc.edu<mailto:jsusher@umkc.edu>> Sent: Friday  September 27  2024 10:47 AM To: Hare  Brian <hareb@umkc.edu<mailto:hareb@umkc.edu>> Subject: Civic Engagement Project  Hello Professor Hare   Apologies for missing our meeting the other day. You have my appreciation for taking the time to meet.  Best Regards  J. Sailor Usher (He/Him)  AVR Coordinator School of Science and Engineering P204A  801 E 51st St  Kansas City  MO 64110  Phone: 816 235 2223  LinkedIn<https://nam02.safelinks.protection.outlook.com/?url=https:%2F%2Fwww.linkedin.com%2Fin%2Fsailorusher%2F&data=05%7C02%7Cjsusher%40umkc.edu%7C4902fc225ff04f4b867908dce22dc5f1%7Ce3fefdbef7e9401ba51a355e01b05a89%7C0%7C0%7C638633933487561079%7CUnknown%7CTWFpbGZsb3d8eyJWIjoiMC4wLjAwMDAiLCJQIjoiV2luMzIiLCJBTiI6Ik1haWwiLCJXVCI6Mn0%3D%7C0%7C%7C%7C&sdata=N9VJOdeGRDqmjl5KqWw6IFsHSPRY4ZL2XaXut5GDQrI%3D&reserved=0>  [UMKC Logo]<http://www.umkc.edu/>  [https://st2.zoom.us/static/6.3.26166/image/new/ZoomLogo_110_25.png]<https://nam02.safelinks.protection.outlook.com/?url=https:%2F%2Fzoom.us%2F&data=05%7C02%7Cjsusher%40umkc.edu%7C4902fc225ff04f4b867908dce22dc5f1%7Ce3fefdbef7e9401ba51a355e01b05a89%7C0%7C0%7C638633933487580817%7CUnknown%7CTWFpbGZsb3d8eyJWIjoiMC4wLjAwMDAiLCJQIjoiV2luMzIiLCJBTiI6Ik1haWwiLCJXVCI6Mn0%3D%7C0%7C%7C%7C&sdata=D1KRVbLqb12%2BQ51yYrqIZuluh4hYWMDdYbmYGaTkgCQ%3D&reserved=0> Hello  Brian Hare is inviting you to a scheduled Zoom meeting. Join Zoom Meeting<https://umsystem.zoom.us/j/95010697731?pwd=yX3ahz3zXbLrWVc51yWkFGEVMifp32.1&from=addon> Phone one tap: US: +13126266799  95010697731#<tel:+13126266799  95010697731> or +16468769923  95010697731#<tel:+16468769923  95010697731> Meeting URL: https://umsystem.zoom.us/j/95010697731?pwd=yX3ahz3zXbLrWVc51yWkFGEVMifp32.1&from=addon Meeting ID: 950 1069 7731 Passcode: 538589 Join by Telephone For higher quality  dial a number based on your current location. Dial:  US: +1 312 626 6799 or +1 646 876 9923 or +1 646 931 3860 or +1 301 715 8592 or +1 305 224 1968 or +1 309 205 3325 or +1 669 900 6833 or +1 689 278 1000 or +1 719 359 4580 or +1 253 205 0468 or +1 253 215 8782 or +1 346 248 7799 or +1 360 209 5623 or +1 386 347 5053 or +1 408 638 0968 or +1 507 473 4847 or +1 564 217 2000 or +1 669 444 9171 Meeting ID: 950 1069 7731 Join from an H.323/SIP room system H.323: 162.255.37.11 (US West) 162.255.36.11 (US East) 221.122.88.195 (Mainland China) 115.114.131.7 (India Mumbai) 115.114.115.7 (India Hyderabad) 213.19.144.110 (Amsterdam Netherlands) 213.244.140.110 (Germany) 103.122.166.55 (Australia Sydney) 103.122.167.55 (Australia Melbourne) 209.9.211.110 (Hong Kong SAR) 64.211.144.160 (Brazil) 159.124.168.213 (Canada Toronto) 65.39.152.160 (Canada Vancouver) 207.226.132.110 (Japan Tokyo) 149.137.24.110 (Japan Osaka) Meeting ID: 950 1069 7731 Passcode: 538589 SIP: 95010697731@zoomcrc.com<mailto:95010697731@zoomcrc.com> Passcode: 538589  ,https://umsystem.zoom.us/j/95010697731?pwd=yX3ahz3zXbLrWVc51yWkFGEVMifp32.1&from=addon
2024 10 15 15:00:00 05:00,2024 10 15 15:30:00 05:00,,,100,,True,2024 12 11 15:50:33+00:00,040000008200E00074C5B7101A82E00800000000C0DD9BD7721ADB01000000000000000010000000A743BC74C513334CAD587D86442C27C0,,,,,,,,,,Follow Up on E Sports Consoles,,, ,Dean's Office
2024 10 18 13:00:00 05:00,2024 10 18 15:00:00 05:00,,,100,,True,2024 12 11 15:50:33+00:00,040000008200E00074C5B7101A82E0080000000050C1E9D029D8DA010000000000000000100000008782A4F5669C6E48B54DB6558980DD6C,,,,,,,,,,Regnier Innovators Club @ Plaster Center,,, ,Plaster Center P104
2024 10 25 17:00:00 05:00,2024 10 25 18:00:00 05:00,,,100,,True,2024 12 11 15:50:33+00:00,040000008200E00074C5B7101A82E0080000000070D008F6091BDB0100000000000000001000000067778523601C634A868B9E27FA8CDE53,,,,,,,,,,Dr. Donald R. Smith Fabrication Lab Unveiling,,, ,Plaster: Dr. Donald R. Smith Student Fabrication Lab
2024 11 06 16:30:00 06:00,2024 11 06 17:15:00 06:00,,,100,,True,2024 12 11 15:50:33+00:00,040000008200E00074C5B7101A82E00800000000502EA48BEB1FDB01000000000000000010000000B202A1F417F6064A92ECA363A92FE510,,,,,,,,,,Dinner for those working Science and Math Open House,,,We will be serving dinner (pizza  salad and beverages) in both Flarsheim 531 and Spencer Hall 518 before the Science and Math Open House. Please RSVP if you plan to eat so we have an accurate count. It does not matter which space you choose to eat in  we will have food in both.  If you will be having a student work at this with you  you may forward this invitation onto them if they aren’t already on here. Please only include those who will be working at this event. ,See note
2024 11 15 12:30:00 06:00,2024 11 15 13:00:00 06:00,,,100,,True,2024 12 11 15:50:33+00:00,040000008200E00074C5B7101A82E00800000000BE454D0D0C36DB01000000000000000010000000A9E0D7DA12E62644B993358A51D99A78,,,,,,,,,,UMKC/BV VR Discussion,,,VR simulation discussion with UMKC/BV.  Thanks Brian  ________________________________________________________________________________ Microsoft Teams Need help?<https://nam02.safelinks.protection.outlook.com/?url=https:%2F%2Faka.ms%2FJoinTeamsMeeting%3Fomkt%3Den US&data=05%7C02%7Cjsusher%40umkc.edu%7C63dab3700df14a1f6f4908dd042332fe%7Ce3fefdbef7e9401ba51a355e01b05a89%7C0%7C0%7C638671271439263321%7CUnknown%7CTWFpbGZsb3d8eyJFbXB0eU1hcGkiOnRydWUsIlYiOiIwLjAuMDAwMCIsIlAiOiJXaW4zMiIsIkFOIjoiTWFpbCIsIldUIjoyfQ%3D%3D%7C0%7C%7C%7C&sdata=1W6Mz017KrNWqN%2FURvHupx22nYNXPoePr6eJcxRWCGk%3D&reserved=0> Join the meeting now<https://nam02.safelinks.protection.outlook.com/ap/t 59584e83/?url=https:%2F%2Fteams.microsoft.com%2Fl%2Fmeetup join%2F19%253ameeting_MWM4NjBjN2EtOTFiZi00OWNkLWE3OWEtOGRkOWVkMjBkM2Ni%2540thread.v2%2F0%3Fcontext%3D%257b%2522Tid%2522%253a%25227a53b4fc e87d 4c46 9972 0570ac271b27%2522%252c%2522Oid%2522%253a%2522b09c9f2e 396c 4f12 b0e8 33ea6f08bf96%2522%257d&data=05%7C02%7Cjsusher%40umkc.edu%7C63dab3700df14a1f6f4908dd042332fe%7Ce3fefdbef7e9401ba51a355e01b05a89%7C0%7C0%7C638671271439285494%7CUnknown%7CTWFpbGZsb3d8eyJFbXB0eU1hcGkiOnRydWUsIlYiOiIwLjAuMDAwMCIsIlAiOiJXaW4zMiIsIkFOIjoiTWFpbCIsIldUIjoyfQ%3D%3D%7C0%7C%7C%7C&sdata=CqUBcw2e0b8erSB6DGIuGeYjEbkm7PjY3lxFRuRMVdQ%3D&reserved=0> Meeting ID: 233 417 522 280 Passcode: tHWA5v ________________________________ Dial in by phone +1 913 278 0791  28396527#<tel:+19132780791  28396527#> United States  Kansas City Find a local number<https://nam02.safelinks.protection.outlook.com/?url=https:%2F%2Fdialin.teams.microsoft.com%2F879be952 947c 4d5e ab9d 85268608bef4%3Fid%3D28396527&data=05%7C02%7Cjsusher%40umkc.edu%7C63dab3700df14a1f6f4908dd042332fe%7Ce3fefdbef7e9401ba51a355e01b05a89%7C0%7C0%7C638671271439304660%7CUnknown%7CTWFpbGZsb3d8eyJFbXB0eU1hcGkiOnRydWUsIlYiOiIwLjAuMDAwMCIsIlAiOiJXaW4zMiIsIkFOIjoiTWFpbCIsIldUIjoyfQ%3D%3D%7C0%7C%7C%7C&sdata=ZDalchJvTiY3zkW%2FRZuRCGHGWKwSu1ck8Xvv7se%2Fav8%3D&reserved=0> Phone conference ID: 283 965 27# For organizers: Meeting options<https://nam02.safelinks.protection.outlook.com/?url=https:%2F%2Fteams.microsoft.com%2FmeetingOptions%2F%3ForganizerId%3Db09c9f2e 396c 4f12 b0e8 33ea6f08bf96%26tenantId%3D7a53b4fc e87d 4c46 9972 0570ac271b27%26threadId%3D19_meeting_MWM4NjBjN2EtOTFiZi00OWNkLWE3OWEtOGRkOWVkMjBkM2Ni%40thread.v2%26messageId%3D0%26language%3Den US&data=05%7C02%7Cjsusher%40umkc.edu%7C63dab3700df14a1f6f4908dd042332fe%7Ce3fefdbef7e9401ba51a355e01b05a89%7C0%7C0%7C638671271439322620%7CUnknown%7CTWFpbGZsb3d8eyJFbXB0eU1hcGkiOnRydWUsIlYiOiIwLjAuMDAwMCIsIlAiOiJXaW4zMiIsIkFOIjoiTWFpbCIsIldUIjoyfQ%3D%3D%7C0%7C%7C%7C&sdata=7jXVDcMaB08j97ID1UkvJC4qOqxiJZt8ss72JEuRMKE%3D&reserved=0> | Reset dial in PIN<https://nam02.safelinks.protection.outlook.com/?url=https:%2F%2Fdialin.teams.microsoft.com%2Fusp%2Fpstnconferencing&data=05%7C02%7Cjsusher%40umkc.edu%7C63dab3700df14a1f6f4908dd042332fe%7Ce3fefdbef7e9401ba51a355e01b05a89%7C0%7C0%7C638671271439340232%7CUnknown%7CTWFpbGZsb3d8eyJFbXB0eU1hcGkiOnRydWUsIlYiOiIwLjAuMDAwMCIsIlAiOiJXaW4zMiIsIkFOIjoiTWFpbCIsIldUIjoyfQ%3D%3D%7C0%7C%7C%7C&sdata=c%2BeimS7N59m3kK%2BG5xYOkHlR7KYRkoMhV9%2FvMPpW1KE%3D&reserved=0> Microsoft Teams Org help<https://nam02.safelinks.protection.outlook.com/?url=https:%2F%2Fapp.quickhelp.com%2Fbv%2FskillPaths%2F13819&data=05%7C02%7Cjsusher%40umkc.edu%7C63dab3700df14a1f6f4908dd042332fe%7Ce3fefdbef7e9401ba51a355e01b05a89%7C0%7C0%7C638671271439357400%7CUnknown%7CTWFpbGZsb3d8eyJFbXB0eU1hcGkiOnRydWUsIlYiOiIwLjAuMDAwMCIsIlAiOiJXaW4zMiIsIkFOIjoiTWFpbCIsIldUIjoyfQ%3D%3D%7C0%7C%7C%7C&sdata=Ogweh4lwsmHoFLV8pqfY3HdFbPilUc%2B6%2BZ3ThG9UWTU%3D&reserved=0> | Privacy and security<https://nam02.safelinks.protection.outlook.com/?url=http:%2F%2Fknowledge.bv.com%2Fhr%2FTutorialsManuals%2FPersonnel%2520Policies%2520and%2520Procedures%2520Manual%2520%2528PPPM%2529%2520 %2520Web%2F4AD.htm&data=05%7C02%7Cjsusher%40umkc.edu%7C63dab3700df14a1f6f4908dd042332fe%7Ce3fefdbef7e9401ba51a355e01b05a89%7C0%7C0%7C638671271439376100%7CUnknown%7CTWFpbGZsb3d8eyJFbXB0eU1hcGkiOnRydWUsIlYiOiIwLjAuMDAwMCIsIlAiOiJXaW4zMiIsIkFOIjoiTWFpbCIsIldUIjoyfQ%3D%3D%7C0%7C%7C%7C&sdata=Q%2BnZpaCbQZ48Jlc0c9h98GbX8cSoWT6aHwAfrcshB%2FY%3D&reserved=0> ________________________________________________________________________________ ,Microsoft Teams Meeting
2024 11 22 09:00:00 06:00,2024 11 22 11:00:00 06:00,,,100,,True,2024 12 11 15:50:33+00:00,040000008200E00074C5B7101A82E00800000000B03B6ADB0F3CDB01000000000000000010000000508A95A229D3574D925853DA7876E3C9,,,,,,,,,,KC STEM Fest,,,Thank you all for being willing to join us at the KC STEM Fest<https://nam02.safelinks.protection.outlook.com/?url=https:%2F%2Fkcstemfest.org%2F&data=05%7C02%7Cjsusher%40umkc.edu%7C9ba77dd1bf19411b5e5508dd0a59ff0a%7Ce3fefdbef7e9401ba51a355e01b05a89%7C0%7C0%7C638678103840169682%7CUnknown%7CTWFpbGZsb3d8eyJFbXB0eU1hcGkiOnRydWUsIlYiOiIwLjAuMDAwMCIsIlAiOiJXaW4zMiIsIkFOIjoiTWFpbCIsIldUIjoyfQ%3D%3D%7C0%7C%7C%7C&sdata=d9SiASbGD8SVKZ%2FpZMuuWLQU6FhwOEw6%2BOpZRSW85dw%3D&reserved=0>! We can arrive as early as 7:30am to set up (please try to be there by 8:30am). Below is some more information about location and parking:   ·      Directions:  When coming from I435 (exiting Front Street)  turn right on Universal Ave.  turn right on Corporate Dr. then left into the gate.    ·      Parking:  o   There is a call box that you may need to use if the gate is not open. Please indicate you are participating in the STEM Fest. The front office will open the gate. Proceed through the gate then veer left. Park anywhere near the gym where spots are available. Enter through the gym entrance.  o   Note: If you arrive early  you might meet bus and parent drop off traffic. No worries. Still  veer left after you go through the gate. Park where you please.    ·      Entrance to building:  o   You can enter the building through the south gym door.  o   You will be greeted at the entrance by FSI M staff. UMKC will be in the gym. The Buggy will have two full spaces outside in the parking lot.  ,"1575 Universal Ave. Kansas City, MO"
2024 12 02 11:00:00 06:00,2024 12 02 11:30:00 06:00,,,100,,True,2024 12 11 15:50:33+00:00,040000008200E00074C5B7101A82E008000000003A11703FCD44DB01000000000000000010000000CA50073EB2EE8A4AAC52DA93F29B7FA3,,,,,,,,,,Meet in the Lab,,, ,
2024 12 04 14:30:00 05:00,2024 12 04 15:00:00 05:00,,,100,,True,2024 12 11 15:50:33+00:00,040000008200E00074C5B7101A82E008000000008A0092A09E45DB01000000000000000010000000A0F0C8C6A6786642AC0CE47B9C75CFCE,,,,,,,,,,"Usher, Sailor   30 minutes meeting",,,This meeting was scheduled from the bookings page of Luster Edward  Shatomi.  Use the following link to reschedule or cancel this meeting: Manage meeting<https://nam02.safelinks.protection.outlook.com/?url=https:%2F%2Foutlook.office.com%2Fbookwithme%2Fuser%2F057f1d1041fe45c8815fb4b83f46cc66%40missouri.edu%2Fbooking%2FFIo0jXW1UEKqfJcl_zr0KA2%3Fanonymous&data=05%7C02%7Cjsusher%40umkc.edu%7Caca72f4ab08b4ebd686c08dd13b5c518%7Ce3fefdbef7e9401ba51a355e01b05a89%7C0%7C0%7C638688393596533042%7CUnknown%7CTWFpbGZsb3d8eyJFbXB0eU1hcGkiOnRydWUsIlYiOiIwLjAuMDAwMCIsIlAiOiJXaW4zMiIsIkFOIjoiTWFpbCIsIldUIjoyfQ%3D%3D%7C0%7C%7C%7C&sdata=ux2mcQmX%2B4CmQ9UVdiK8wHxvhWcPT%2F9etPT81Q8gSQw%3D&reserved=0>      Note added from booking page on Tuesday  December 3  2024 10:15 AM      Hello Shatomi  That sounds like a great idea. Does this time work to meet? Best wishes  J. Sailor Usher  ________________________________________________________________________________ Microsoft Teams Need help?<https://nam02.safelinks.protection.outlook.com/?url=https:%2F%2Faka.ms%2FJoinTeamsMeeting%3Fomkt%3Den US&data=05%7C02%7Cjsusher%40umkc.edu%7Caca72f4ab08b4ebd686c08dd13b5c518%7Ce3fefdbef7e9401ba51a355e01b05a89%7C0%7C0%7C638688393596554790%7CUnknown%7CTWFpbGZsb3d8eyJFbXB0eU1hcGkiOnRydWUsIlYiOiIwLjAuMDAwMCIsIlAiOiJXaW4zMiIsIkFOIjoiTWFpbCIsIldUIjoyfQ%3D%3D%7C0%7C%7C%7C&sdata=LNi2s%2BiU%2BcWglza0tnnt80OmrJxVWFGJT%2F7TLSITJ%2Bg%3D&reserved=0> Join the meeting now<https://nam02.safelinks.protection.outlook.com/ap/t 59584e83/?url=https:%2F%2Fteams.microsoft.com%2Fl%2Fmeetup join%2F19%253ameeting_YTY3OWNmMDMtYTJhNS00NThlLTk1NDUtMzEyNTkwMjMwNTAy%2540thread.v2%2F0%3Fcontext%3D%257b%2522Tid%2522%253a%2522e3fefdbe f7e9 401b a51a 355e01b05a89%2522%252c%2522Oid%2522%253a%2522c010de75 53ff 49e3 87cd f453a6160b9e%2522%257d&data=05%7C02%7Cjsusher%40umkc.edu%7Caca72f4ab08b4ebd686c08dd13b5c518%7Ce3fefdbef7e9401ba51a355e01b05a89%7C0%7C0%7C638688393596571825%7CUnknown%7CTWFpbGZsb3d8eyJFbXB0eU1hcGkiOnRydWUsIlYiOiIwLjAuMDAwMCIsIlAiOiJXaW4zMiIsIkFOIjoiTWFpbCIsIldUIjoyfQ%3D%3D%7C0%7C%7C%7C&sdata=SiW3PUcjWXkd3ykZitANP%2FUhHHBDc3Z7BjCkasTTyX4%3D&reserved=0> Meeting ID: 284 508 901 955 Passcode: em7DD2mh ________________________________ Dial in by phone +1 573 818 2635  522759647#<tel:+15738182635  522759647#> United States  Columbia Find a local number<https://nam02.safelinks.protection.outlook.com/?url=https:%2F%2Fdialin.teams.microsoft.com%2Ffd56f9ca a66a 4fd3 9071 9858c3d68483%3Fid%3D522759647&data=05%7C02%7Cjsusher%40umkc.edu%7Caca72f4ab08b4ebd686c08dd13b5c518%7Ce3fefdbef7e9401ba51a355e01b05a89%7C0%7C0%7C638688393596588641%7CUnknown%7CTWFpbGZsb3d8eyJFbXB0eU1hcGkiOnRydWUsIlYiOiIwLjAuMDAwMCIsIlAiOiJXaW4zMiIsIkFOIjoiTWFpbCIsIldUIjoyfQ%3D%3D%7C0%7C%7C%7C&sdata=v44IpY1sC1L5MZvQGVcM7OI1mdGdusWqc49CBu8GUvY%3D&reserved=0> Phone conference ID: 522 759 647# For organizers: Meeting options<https://nam02.safelinks.protection.outlook.com/?url=https:%2F%2Fteams.microsoft.com%2FmeetingOptions%2F%3ForganizerId%3Dc010de75 53ff 49e3 87cd f453a6160b9e%26tenantId%3De3fefdbe f7e9 401b a51a 355e01b05a89%26threadId%3D19_meeting_YTY3OWNmMDMtYTJhNS00NThlLTk1NDUtMzEyNTkwMjMwNTAy%40thread.v2%26messageId%3D0%26language%3Den US&data=05%7C02%7Cjsusher%40umkc.edu%7Caca72f4ab08b4ebd686c08dd13b5c518%7Ce3fefdbef7e9401ba51a355e01b05a89%7C0%7C0%7C638688393596605344%7CUnknown%7CTWFpbGZsb3d8eyJFbXB0eU1hcGkiOnRydWUsIlYiOiIwLjAuMDAwMCIsIlAiOiJXaW4zMiIsIkFOIjoiTWFpbCIsIldUIjoyfQ%3D%3D%7C0%7C%7C%7C&sdata=Fx%2F0Xc59GOwbDVow9JxXFPc0rZPLhpkAa7H%2FQEwoMBk%3D&reserved=0> | Reset dial in PIN<https://nam02.safelinks.protection.outlook.com/?url=https:%2F%2Fdialin.teams.microsoft.com%2Fusp%2Fpstnconferencing&data=05%7C02%7Cjsusher%40umkc.edu%7Caca72f4ab08b4ebd686c08dd13b5c518%7Ce3fefdbef7e9401ba51a355e01b05a89%7C0%7C0%7C638688393596624860%7CUnknown%7CTWFpbGZsb3d8eyJFbXB0eU1hcGkiOnRydWUsIlYiOiIwLjAuMDAwMCIsIlAiOiJXaW4zMiIsIkFOIjoiTWFpbCIsIldUIjoyfQ%3D%3D%7C0%7C%7C%7C&sdata=153cottrZDPlV73ZXNQKOX9%2FeKMOJVj7rixBVwT%2FHsk%3D&reserved=0> ________________________________________________________________________________ ,
2024 12 09 10:00:00 06:00,2024 12 09 10:30:00 06:00,,,100,,True,2024 12 11 15:50:33+00:00,040000008200E00074C5B7101A82E0080000000041C212D61548DB01000000000000000010000000E66C48B35ED90D4998E90796EDBE3974,,,,,,,,,,COESC Innovation Studio Project [In person],,, ,Plaster P201
2024 12 09 11:30:00 06:00,2024 12 09 12:00:00 06:00,,,100,,True,2024 12 11 15:50:33+00:00,040000008200E00074C5B7101A82E008000000004C447A5A5C4ADB0100000000000000001000000084DABE65483A2844989712ACE0B99777,,,,,,,,,,Send GitHub sprint report to Christina,,, ,
2024 12 10 11:00:00 06:00,2024 12 10 12:00:00 06:00,,,100,,True,2024 12 11 15:50:33+00:00,040000008200E00074C5B7101A82E0080000000020A63711E7FADA01000000000000000010000000993A5B68CE926D469423E3C92ACBC108,,,,,,,,,,Innovation Studio website redo/project,,,We can meet in Plaster conference room (p204) or by zoom  just let me know which works for you  https://umsystem.zoom.us/j/5709593569  ,TBA
2024 12 11 14:30:00 05:00,2024 12 11 15:00:00 05:00,,,100,,True,2024 12 11 15:50:33+00:00,040000008200E00074C5B7101A82E008000000003A36A6E1F147DB0100000000000000001000000028A47C7A2B2BC448894EA01FAB92684A,,,,,,,,,,"Usher, Sailor   30 minutes meeting",,,This meeting was scheduled from the bookings page of Luster Edward  Shatomi.  Use the following link to reschedule or cancel this meeting: Manage meeting<https://nam02.safelinks.protection.outlook.com/?url=https:%2F%2Foutlook.office.com%2Fbookwithme%2Fuser%2F057f1d1041fe45c8815fb4b83f46cc66%40missouri.edu%2Fbooking%2F_XO38_FMMUulCXO YMerZw2%3Fanonymous&data=05%7C02%7Cjsusher%40umkc.edu%7Cd46a971d2a92404ca34408dd16090614%7Ce3fefdbef7e9401ba51a355e01b05a89%7C0%7C0%7C638690950189022833%7CUnknown%7CTWFpbGZsb3d8eyJFbXB0eU1hcGkiOnRydWUsIlYiOiIwLjAuMDAwMCIsIlAiOiJXaW4zMiIsIkFOIjoiTWFpbCIsIldUIjoyfQ%3D%3D%7C0%7C%7C%7C&sdata=5j2wHMWXeevHSgFqY06QViCYuj0gmo3wnwPhvQ%2Fq2mI%3D&reserved=0>  ________________________________________________________________________________ Microsoft Teams Need help?<https://nam02.safelinks.protection.outlook.com/?url=https:%2F%2Faka.ms%2FJoinTeamsMeeting%3Fomkt%3Den US&data=05%7C02%7Cjsusher%40umkc.edu%7Cd46a971d2a92404ca34408dd16090614%7Ce3fefdbef7e9401ba51a355e01b05a89%7C0%7C0%7C638690950189045437%7CUnknown%7CTWFpbGZsb3d8eyJFbXB0eU1hcGkiOnRydWUsIlYiOiIwLjAuMDAwMCIsIlAiOiJXaW4zMiIsIkFOIjoiTWFpbCIsIldUIjoyfQ%3D%3D%7C0%7C%7C%7C&sdata=xKVuxM73qJa6tEI2qTnvQolC15eT3ArzjSa5MoH9l30%3D&reserved=0> Join the meeting now<https://nam02.safelinks.protection.outlook.com/ap/t 59584e83/?url=https:%2F%2Fteams.microsoft.com%2Fl%2Fmeetup join%2F19%253ameeting_NmRlMmRiOGEtOGZhOC00YmI1LTllMTEtYTE2YTNlMWY4MGE2%2540thread.v2%2F0%3Fcontext%3D%257b%2522Tid%2522%253a%2522e3fefdbe f7e9 401b a51a 355e01b05a89%2522%252c%2522Oid%2522%253a%2522c010de75 53ff 49e3 87cd f453a6160b9e%2522%257d&data=05%7C02%7Cjsusher%40umkc.edu%7Cd46a971d2a92404ca34408dd16090614%7Ce3fefdbef7e9401ba51a355e01b05a89%7C0%7C0%7C638690950189062298%7CUnknown%7CTWFpbGZsb3d8eyJFbXB0eU1hcGkiOnRydWUsIlYiOiIwLjAuMDAwMCIsIlAiOiJXaW4zMiIsIkFOIjoiTWFpbCIsIldUIjoyfQ%3D%3D%7C0%7C%7C%7C&sdata=Wm2Oq5fPnBdUPbuv28t3f91LuEelIOVg71Px7SY6nGw%3D&reserved=0> Meeting ID: 240 176 325 413 Passcode: sP7cX3mJ ________________________________ Dial in by phone +1 573 818 2635  101380765#<tel:+15738182635  101380765#> United States  Columbia Find a local number<https://nam02.safelinks.protection.outlook.com/?url=https:%2F%2Fdialin.teams.microsoft.com%2Ffd56f9ca a66a 4fd3 9071 9858c3d68483%3Fid%3D101380765&data=05%7C02%7Cjsusher%40umkc.edu%7Cd46a971d2a92404ca34408dd16090614%7Ce3fefdbef7e9401ba51a355e01b05a89%7C0%7C0%7C638690950189079500%7CUnknown%7CTWFpbGZsb3d8eyJFbXB0eU1hcGkiOnRydWUsIlYiOiIwLjAuMDAwMCIsIlAiOiJXaW4zMiIsIkFOIjoiTWFpbCIsIldUIjoyfQ%3D%3D%7C0%7C%7C%7C&sdata=NPx00MABTwSSf3rEX%2BApdNgnlwGELNplV7HRkENum9w%3D&reserved=0> Phone conference ID: 101 380 765# For organizers: Meeting options<https://nam02.safelinks.protection.outlook.com/?url=https:%2F%2Fteams.microsoft.com%2FmeetingOptions%2F%3ForganizerId%3Dc010de75 53ff 49e3 87cd f453a6160b9e%26tenantId%3De3fefdbe f7e9 401b a51a 355e01b05a89%26threadId%3D19_meeting_NmRlMmRiOGEtOGZhOC00YmI1LTllMTEtYTE2YTNlMWY4MGE2%40thread.v2%26messageId%3D0%26language%3Den US&data=05%7C02%7Cjsusher%40umkc.edu%7Cd46a971d2a92404ca34408dd16090614%7Ce3fefdbef7e9401ba51a355e01b05a89%7C0%7C0%7C638690950189096564%7CUnknown%7CTWFpbGZsb3d8eyJFbXB0eU1hcGkiOnRydWUsIlYiOiIwLjAuMDAwMCIsIlAiOiJXaW4zMiIsIkFOIjoiTWFpbCIsIldUIjoyfQ%3D%3D%7C0%7C%7C%7C&sdata=ICdLKwvZiwYMSIkfNFddL17Kwha4HfBlbIuT5X1hBzM%3D&reserved=0> | Reset dial in PIN<https://nam02.safelinks.protection.outlook.com/?url=https:%2F%2Fdialin.teams.microsoft.com%2Fusp%2Fpstnconferencing&data=05%7C02%7Cjsusher%40umkc.edu%7Cd46a971d2a92404ca34408dd16090614%7Ce3fefdbef7e9401ba51a355e01b05a89%7C0%7C0%7C638690950189118652%7CUnknown%7CTWFpbGZsb3d8eyJFbXB0eU1hcGkiOnRydWUsIlYiOiIwLjAuMDAwMCIsIlAiOiJXaW4zMiIsIkFOIjoiTWFpbCIsIldUIjoyfQ%3D%3D%7C0%7C%7C%7C&sdata=lBJ0uLDUqKOOckIevZYIe4nGA73g7QtGO5mQ41O0h5o%3D&reserved=0> ________________________________________________________________________________ ,
2024 12 11 14:30:00 06:00,2024 12 11 15:00:00 06:00,,,100,,True,2024 12 11 15:50:33+00:00,040000008200E00074C5B7101A82E00800000000A97820FEF147DB01000000000000000010000000B8F723812D35804DB67404D88CC504CF,,,,,,,,,,Meeting with Shatomi,,, ,
2024 12 17 10:00:00 06:00,2024 12 17 11:00:00 06:00,,,100,,True,2024 12 11 15:50:33+00:00,040000008200E00074C5B7101A82E008000000006098DBD8F34ADB010000000000000000100000000C6D2F5D81CC424486AE480D50F2ACC7,,,,,,,,,,Plaster/ARVR Walk Through with CAPS,,,Walk through with Dana Farrington of the Blue Valley CAPS group in preparation for 2/7 and 2/12 visits  Will stop at ARVR around 10am and then walk through the rest of the Plaster Center ,Plaster Center
2025 03 05 09:30:00 06:00,2025 03 05 10:45:00 06:00,,,100,,True,2024 12 11 15:50:33+00:00,040000008200E00074C5B7101A82E00800000000D094B0974635DB01000000000000000010000000908D7AADF52D414CBD8E5F56D4EBA105,,,,,,,,,,UMKC Innovation Lab Tour,,, ,"801 E 51st St, Kansas City, Missouri, United States"
2025 03 19 12:30:00 05:00,2025 03 19 13:30:00 05:00,,,100,,True,2024 12 11 15:50:33+00:00,040000008200E00074C5B7101A82E00800000000E1E836E45331DB010000000000000000100000004450AAA31D4ECD4C944F5BE124FA0267,,,,,,,,,,UMKC Innovation Lab Tour,,, ,"801 E 51st St, Kansas City, Missouri, United States"
2025 04 11 11:30:00 05:00,2025 04 11 12:15:00 05:00,,,100,,True,2024 12 11 15:50:33+00:00,040000008200E00074C5B7101A82E008000000008B3ECF18169CDA01000000000000000010000000487546B94946914D8497E4245600F6F3,,,,,,,,,,"Rotation 2  Spring '25 Insider Academy, SSE/Bloch",,, ________________________________ From: Addington  Nathaniel <naddington@umkc.edu> Sent: Wednesday  May 1  2024 5:22:48 PM (UTC 06:00) Central Time (US & Canada) To: Davis  Christina S. <davischristina@umkc.edu>; Abdulrahim  Mujahid <mujahid.abdulrahim@umkc.edu>; Innovationstudio <innovationstudio@umkc.edu>; Matlack  Alexandria <matlacka@umkc.edu>; Williams  Benjamin J. <williamsbenj@umkc.edu>; Gonsher  Phillip <gonsherp@umkc.edu> Cc: Truman  Kevin Z. <trumank@umkc.edu>; Brian Klaas <klaasb@umkc.edu>; Masson  Jill M. <massonj@umkc.edu>; Schulz  Sarah Beth <schulzsb@umkc.edu>; Kanoy  Brian <bkanoy@umkc.edu> Subject: Rotation 2  Spring '25 Insider Academy  SSE/Bloch When: Friday  April 11  2025 11:30 AM 12:15 PM. Where:  More Details in Spring '25 ,
